{"cameraMode":{"drawMode":0,"name":"Shaded","section":"Shading Mode"},"sceneLighting":true,"audioPlay":false,"sceneViewState":{"m_AlwaysRefresh":false,"showFog":true,"showSkybox":true,"showFlares":true,"showImageEffects":true,"showParticleSystems":true,"showVisualEffectGraphs":true,"m_FxEnabled":true},"in2DMode":false,"pivot":{"x":-2.622267246246338,"y":0.6048188209533691,"z":0.9993266463279724},"rotation":{"x":-0.1847047060728073,"y":0.07150399684906006,"z":-0.013977550901472569,"w":-0.9800967574119568},"size":7.293368339538574,"orthographic":false}